id,entityid,companyname,displayName,isinactive,subsidiary,subsidiaryId
-3,-Accountant-,,-Accountant-,false,Patra Group,1
317,A. Resource,A.Resource,A.Resource,false,Patra Group : Opuzen,2
318,AAA Automobile Club,AAA Automobile Club,AAA Automobile Club,false,Patra Group : Opuzen,2
319,Adobe,Adobe,Adobe,false,Patra Group : Opuzen,2
3849,Advantage Fabric,Advantage Fabric,Advantage Fabric,false,Patra Group : Opuzen,2
4304,Albatros,Albatros,Albatros,false,Patra Group : Opuzen,2
320,Alendel,Alendel,Alendel,false,Patra Group : Opuzen,2
3827,Algemene,Algemene,Algemene,false,Patra Group : Opuzen,2
322,Aliseo Velluti,Aliseo Velluti,Aliseo Velluti,false,Patra Group : Opuzen,2
323,"Allan Knight & Associates, Inc","Allan Knight & Associates, Inc","Allan Knight & Associates, Inc",false,Patra Group : Opuzen,2
536,Alois Tessitura,Alois Tessitura,Alois Tessitura,false,Patra Group : Opuzen,2
4305,Alois Tessitura Serica,Alois Tessitura Serica,Alois Tessitura Serica,false,Patra Group : Opuzen,2
3826,Altizer & Co,Altizer & Co,Altizer & Co,false,Patra Group : Opuzen,2
324,"AM Design Collaboration, LLC","AM Design Collaboration, LLC","AM Design Collaboration, LLC",false,Patra Group : Opuzen,2
325,"AMAB Group, LLC","AMAB Group, LLC","AMAB Group, LLC",false,Patra Group : Opuzen,2
326,Amazon Web Services,Amazon Web Services,Amazon Web Services,false,Patra Group : Opuzen,2
327,Amazon.com,Amazon.com,Amazon.com,false,Patra Group : Opuzen,2
328,"Amber Hervey Studio, Inc","Amber Hervey Studio, Inc","Amber Hervey Studio, Inc",false,Patra Group : Opuzen,2
3851,Ambience Textiles,Ambience Textiles,Ambience Textiles,false,Patra Group : Opuzen,2
535,American Blackout Company,American Blackout Company,American Blackout Company,false,Patra Group : Opuzen,2
329,"American Flame Coat, Inc","American Flame Coat, Inc","American Flame Coat, Inc",false,Patra Group : Opuzen,2
537,American Silk Mills,American Silk Mills,American Silk Mills,false,Patra Group : Opuzen,2
330,AMEX Baggage Insurance,AMEX Baggage Insurance,AMEX Baggage Insurance,false,Patra Group : Opuzen,2
331,AMEX Gold - 5-33000,AMEX Gold - 5-33000,AMEX Gold - 5-33000,false,Patra Group : Opuzen,2
538,Ammon Hickson Commission,Ammon Hickson.Commission,Ammon Hickson.Commission,false,Patra Group : Opuzen,2
4306,Andante Algemene,Andante Algemene,Andante Algemene,false,Patra Group : Opuzen,2
332,Angi's Fashion,Angi's Fashion,Angi's Fashion,false,Patra Group : Opuzen,2
3824,Annabel Textiles,Annabel Textiles,Annabel Textiles,false,Patra Group : Opuzen,2
590,Anne Kirk Textiles,Anne Kirk Textiles,Anne Kirk Textiles,false,Patra Group : Opuzen,2
333,"Anthony, Inc","Anthony, Inc","Anthony, Inc",false,Patra Group : Opuzen,2
334,"Applied Textiles, Inc","Applied Textiles, Inc","Applied Textiles, Inc",false,Patra Group : Opuzen,2
335,"Ariba, Inc","Ariba, Inc","Ariba, Inc",false,Patra Group : Opuzen,2
336,ASB Graphics,ASB Graphics,ASB Graphics,false,Patra Group : Opuzen,2
337,"Aston Carter, Inc","Aston Carter, Inc","Aston Carter, Inc",false,Patra Group : Opuzen,2
340,AT&T - Office 2022,AT&T - Office 2022,AT&T - Office 2022,false,Patra Group : Opuzen,2
338,AT&T - Warehouse,AT&T - Warehouse,AT&T - Warehouse,false,Patra Group : Opuzen,2
339,AT&T Mobility Cell Phone,AT&T Mobility Cell Phone,AT&T Mobility Cell Phone,false,Patra Group : Opuzen,2
360,Atelier,Atelier,Atelier,false,Patra Group : Opuzen,2
539,B&T Textilia,B&T Textilia,B&T Textilia,false,Patra Group : Opuzen,2
4307,Babai,Babai,Babai,false,Patra Group : Opuzen,2
341,Baman Studio,Baman Studio,Baman Studio,false,Patra Group : Opuzen,2
342,Bartlett Tree Experts,Bartlett Tree Experts,Bartlett Tree Experts,false,Patra Group : Opuzen,2
540,Bartson,Bartson,Bartson,false,Patra Group : Opuzen,2
343,BDNY,BD NY,BD NY,false,Patra Group : Opuzen,2
3822,Beijing Shengyiran Weaving,Beijing Shengyiran Weaving,Beijing Shengyiran Weaving,false,Patra Group : Opuzen,2
3932,Bella-Dura,Bella-Dura,Bella-Dura,false,Patra Group : Opuzen,2
541,Belo Fluweelweefsels,Belo Fluweelweefsels,Belo Fluweelweefsels,false,Patra Group : Opuzen,2
344,Bench Craft Company,Bench Craft Company,Bench Craft Company,false,Patra Group : Opuzen,2
345,Blaze,Blaze,Blaze,false,Patra Group : Opuzen,2
3829,Blu Textiles Design,Blu Textiles Design,Blu Textiles Design,false,Patra Group : Opuzen,2
346,Blue Kompany,Blue Kompany,Blue Kompany,false,Patra Group : Opuzen,2
347,Boltaflex,Boltaflex,Boltaflex,false,Patra Group : Opuzen,2
348,Box City,Box City,Box City,false,Patra Group : Opuzen,2
3842,Bravo Fabrics,Bravo Fabrics,Bravo Fabrics,false,Patra Group : Opuzen,2
542,Brentwood Textiles / STI,Brentwood Textiles / STI,Brentwood Textiles / STI,false,Patra Group : Opuzen,2
349,Bruvatex,Bruvatex,Bruvatex,false,Patra Group : Opuzen,2
350,California State Fire Protection,California State Fire Protection,California State Fire Protection,false,Patra Group : Opuzen,2
351,California Supply,California Supply,California Supply,false,Patra Group : Opuzen,2
4085,Capax Resource Management UK LLP,Capax Resource Management UK LLP,Capax Resource Management UK LLP,false,Patra Group : Opuzen,2
3853,Caravelle,Caravelle,Caravelle,false,Patra Group : Opuzen,2
543,Cargo Express Freight,Cargo Express Freight,Cargo Express Freight,false,Patra Group : Opuzen,2
4308,Charles Martel,Charles Martel,Charles Martel,false,Patra Group : Opuzen,2
4309,Chris Stone,Chris Stone,Chris Stone,false,Patra Group : Opuzen,2
352,City National Bank,City National Bank,City National Bank,false,Patra Group : Opuzen,2
353,City of Inglewood Finance Dep,City of Inglewood Finance Dep,City of Inglewood Finance Dep,false,Patra Group : Opuzen,2
354,City of Los Angels - Office of Finance,City of Los Angels - Office of Finance,City of Los Angels - Office of Finance,false,Patra Group : Opuzen,2
544,City of Santa Monica,City of Santa Monica,City of Santa Monica,false,Patra Group : Opuzen,2
117,Claudia Mateo,,Claudia Mateo,false,Patra Group : Opuzen,2
355,CMI - Mayer Fabrics,CMI - Mayer Fabrics,CMI - Mayer Fabrics,false,Patra Group : Opuzen,2
356,CodeGuard.com,CodeGuard.com,CodeGuard.com,false,Patra Group : Opuzen,2
357,Colonial Surety Company,Colonial Surety Company,Colonial Surety Company,false,Patra Group : Opuzen,2
358,Commercial Testing Company,Commercial Testing Company,Commercial Testing Company,false,Patra Group : Opuzen,2
359,Converge - Credit Card,Converge - Credit Card,Converge - Credit Card,false,Patra Group : Opuzen,2
361,Cortex,Cortex,Cortex,false,Patra Group : Opuzen,2
362,Cositex,Cositex,Cositex,false,Patra Group : Opuzen,2
363,Costco,Costco,Costco,false,Patra Group : Opuzen,2
364,Covington,Covington,Covington,false,Patra Group : Opuzen,2
4310,Craftex Mills,Craftex Mills,Craftex Mills,false,Patra Group : Opuzen,2
365,Crashplan,Crashplan,Crashplan,false,Patra Group : Opuzen,2
366,"Creative Benefit Strategies, Inc","Creative Benefit Strategies, Inc","Creative Benefit Strategies, Inc",false,Patra Group : Opuzen,2
545,Crestmont Fabrics,Crestmont Fabrics,Crestmont Fabrics,false,Patra Group : Opuzen,2
368,Crypton Global,Crypton Global,Crypton Global,false,Patra Group : Opuzen,2
367,Crypton LLC,Crypton LLC,Crypton LLC,false,Patra Group : Opuzen,2
4311,Currey & Sons,Currey & Sons,Currey & Sons,false,Patra Group : Opuzen,2
118,Cynthia O Hara,,Cynthia O Hara,false,Patra Group : Opuzen,2
546,D'Etoffe,D'Etoffe,D'Etoffe,false,Patra Group : Opuzen,2
547,Danzo,Danzo,Danzo,false,Patra Group : Opuzen,2
119,David Rothschild,David Rothschild,David Rothschild,false,Patra Group : Opuzen,2
369,"Daylight Transport, LLC","Daylight Transport, LLC","Daylight Transport, LLC",false,Patra Group : Opuzen,2
370,De Leo Textiles,De Leo Textiles,De Leo Textiles,false,Patra Group : Opuzen,2
371,Decorator's Express,Decorator's Express,Decorator's Express,false,Patra Group : Opuzen,2
372,Dekortex,Dekortex,Dekortex,false,Patra Group : Opuzen,2
373,DELL,DELL,DELL,false,Patra Group : Opuzen,2
374,Deltracon,Deltracon,Deltracon,false,Patra Group : Opuzen,2
548,Devantex,Devantex,Devantex,false,Patra Group : Opuzen,2
549,"DHL Express (USA), Inc - Custom","DHL Express (USA), Inc - Custom","DHL Express (USA), Inc - Custom",false,Patra Group : Opuzen,2
375,"Diane Cote Associates, LLC","Diane Cote Associates, LLC","Diane Cote Associates, LLC",false,Patra Group : Opuzen,2
4303,Dicey Fabrics,Dicey Fabrics,Dicey Fabrics,false,Patra Group : Opuzen,2
376,"Digifab Systems, Inc","Digifab Systems, Inc","Digifab Systems, Inc",false,Patra Group : Opuzen,2
591,Dilhan,Dilhan,Dilhan,false,Patra Group : Opuzen,2
377,Diversified Testing Laboratories,Diversified Testing Laboratories,Diversified Testing Laboratories,false,Patra Group : Opuzen,2
378,DMV Renewal,DMV Renewal,DMV Renewal,false,Patra Group : Opuzen,2
379,Dorell,Dorell,Dorell,false,Patra Group : Opuzen,2
380,doTerra Essential Oils,doTerra Essential Oils,doTerra Essential Oils,false,Patra Group : Opuzen,2
381,Doug Volk Services,Doug Volk Services,Doug Volk Services,false,Patra Group : Opuzen,2
3848,Dreamtex Intl,Dreamtex Intl,Dreamtex Intl,false,Patra Group : Opuzen,2
382,DS Michael LLC,DS Michael LLC,DS Michael LLC,false,Patra Group : Opuzen,2
383,Eastern Accents,Eastern Accents,Eastern Accents,false,Patra Group : Opuzen,2
384,EC Photography - Maria E Canale,EC Photography - Maria E Canale,EC Photography - Maria E Canale,false,Patra Group : Opuzen,2
550,Edgar Contract,Edgar Contract,Edgar Contract,false,Patra Group : Opuzen,2
4312,Edgar Fabrics,Edgar Fabrics,Edgar Fabrics,false,Patra Group : Opuzen,2
385,Edison Southern California,Edison Southern California,Edison Southern California,false,Patra Group : Opuzen,2
386,"Elite Textile, Inc",Elite Textile,Elite Textile,false,Patra Group : Opuzen,2
387,Elvin Fabrics,Elvin Fabrics,Elvin Fabrics,false,Patra Group : Opuzen,2
551,Enzo Degli Angiuoni,Enzo Degli Angiuoni,Enzo Degli Angiuoni,false,Patra Group : Opuzen,2
4330,Erica Scanderiato,Erica Scanderiato,Erica Scanderiato,false,Patra Group : Opuzen,2
388,Etoile .,Etoile .,Etoile .,false,Patra Group : Opuzen,2
389,Europatex,Europatex,Europatex,false,Patra Group : Opuzen,2
390,Exhibit Concepts,Exhibit Concepts,Exhibit Concepts,false,Patra Group : Opuzen,2
4313,Exotic Silks,Exotic Silks,Exotic Silks,false,Patra Group : Opuzen,2
391,Eye Dazzler,Eye Dazzler,Eye Dazzler,false,Patra Group : Opuzen,2
4314,F & S,F & S,F & S,false,Patra Group : Opuzen,2
392,F2 Resourcing Collaborative,F2 Resourcing Collaborative,F2 Resourcing Collaborative,false,Patra Group : Opuzen,2
393,Fabric Guru,Fabric Guru,Fabric Guru,false,Patra Group : Opuzen,2
4315,Fabrics N More,Fabrics N More,Fabrics N More,false,Patra Group : Opuzen,2
552,Fabricut,Fabricut,Fabricut,false,Patra Group : Opuzen,2
4316,Facotex,Facotex,Facotex,false,Patra Group : Opuzen,2
394,Farmers Insurance - Building,Farmers Insurance - Building,Farmers Insurance - Building,false,Patra Group : Opuzen,2
395,Fed Ex,Fed Ex,Fed Ex,false,Patra Group : Opuzen,2
120,Felicia A. French - Drawing,,Felicia A. French - Drawing,false,Patra Group : Opuzen,2
130,Felicia A. French - Reimbursement,,Felicia A. French - Reimbursement,false,Patra Group : Opuzen,2
553,Fibertex,Fibertex,Fibertex,false,Patra Group : Opuzen,2
3830,Fidertessile SPA,Fidertessile SPA,Fidertessile SPA,false,Patra Group : Opuzen,2
554,Finborough Fabrics Limited - USD,Finborough Fabrics Limited - USD,Finborough Fabrics Limited - USD,false,Patra Group : Opuzen,2
396,Fiorete,Fiorete,Fiorete,false,Patra Group : Opuzen,2
397,"Flooralytics, Inc","Flooralytics, Inc","Flooralytics, Inc",false,Patra Group : Opuzen,2
398,Folio3 Software Inc,Folio3 Software Inc,Folio3 Software Inc,false,Patra Group : Opuzen,2
399,Franchise Tax Board,Franchise Tax Board,Franchise Tax Board,false,Patra Group : Opuzen,2
400,Fusion Partners,Fusion Partners,Fusion Partners,false,Patra Group : Opuzen,2
402,G & J Forklift Inc.,G & J Forklift Inc.,G & J Forklift Inc.,false,Patra Group : Opuzen,2
403,G & M Fashion-Curtains and More,G & M Fashion-Curtains and More,G & M Fashion-Curtains and More,false,Patra Group : Opuzen,2
401,G-Tex,G-Tex,G-Tex,false,Patra Group : Opuzen,2
404,Gary's Knife Sharpening Service,Gary's Knife Sharpening Service,Gary's Knife Sharpening Service,false,Patra Group : Opuzen,2
405,Gas Station,Gas Station,Gas Station,false,Patra Group : Opuzen,2
592,Gebruder Munzert,Gebruder Munzert,Gebruder Munzert,false,Patra Group : Opuzen,2
4317,Giber S.P.A.,Giber S.P.A.,Giber S.P.A.,false,Patra Group : Opuzen,2
4318,Gio Emi Srl,Gio Emi Srl,Gio Emi Srl,false,Patra Group : Opuzen,2
406,Github,Github,Github,false,Patra Group : Opuzen,2
407,Glen Raven,Glen Raven,Glen Raven,false,Patra Group : Opuzen,2
555,Glue Machinery Corporation,Glue Machinery Corporation,Glue Machinery Corporation,false,Patra Group : Opuzen,2
408,GoDaddy,GoDaddy,GoDaddy,false,Patra Group : Opuzen,2
409,"Golden Vale Group, Inc","Golden Vale Group, Inc","Golden Vale Group, Inc",false,Patra Group : Opuzen,2
4319,Golding Fabrics,Golding Fabrics,Golding Fabrics,false,Patra Group : Opuzen,2
410,Graf & Lantz Inc,Graf & Lantz Inc,Graf & Lantz Inc,false,Patra Group : Opuzen,2
411,Great Lakes Pension Associates,Great Lakes Pension Associates,Great Lakes Pension Associates,false,Patra Group : Opuzen,2
412,Guilford of Maine,Guilford of Maine,Guilford of Maine,false,Patra Group : Opuzen,2
3836,Haezebrouk,Haezebrouk,Haezebrouk,false,Patra Group : Opuzen,2
413,"Hampton Textile Printing, Inc.","Hampton Textile Printing, Inc.","Hampton Textile Printing, Inc.",false,Patra Group : Opuzen,2
414,Hanes,Hanes,Hanes,false,Patra Group : Opuzen,2
415,Harland Checks,Harland Checks,Harland Checks,false,Patra Group : Opuzen,2
416,Harmel Home,Harmel Home,Harmel Home,false,Patra Group : Opuzen,2
417,Harper Home,Harper Home,Harper Home,false,Patra Group : Opuzen,2
418,Health For Life 911 - Karen McIntosh,Health For Life 911 - Karen McIntosh,Health For Life 911 - Karen McIntosh,false,Patra Group : Opuzen,2
121,Heena Jaliawala.,,Heena Jaliawala.,false,Patra Group : Opuzen,2
3838,Hemp Traders,Hemp Traders,Hemp Traders,false,Patra Group : Opuzen,2
556,Heritage Fabrics,Heritage Fabrics,Heritage Fabrics,false,Patra Group : Opuzen,2
4320,High Five Textiles,High Five Textiles,High Five Textiles,false,Patra Group : Opuzen,2
419,Himatsingka,Himatsingka,Himatsingka,false,Patra Group : Opuzen,2
3819,Holland & Sherry,Holland & Sherry,Holland & Sherry,false,Patra Group : Opuzen,2
420,Illerom Trading,Illerom Trading,Illerom Trading,false,Patra Group : Opuzen,2
421,"Infinity Fabrics, LLC","Infinity Fabrics, LLC","Infinity Fabrics, LLC",false,Patra Group : Opuzen,2
422,Insperity,Insperity,Insperity,false,Patra Group : Opuzen,2
423,Intermedia,Intermedia,Intermedia,false,Patra Group : Opuzen,2
424,Intuit Software,Intuit Software,Intuit Software,false,Patra Group : Opuzen,2
425,IRS,IRS,IRS,false,Patra Group : Opuzen,2
4321,Jacquard Fabrics,Jacquard Fabrics,Jacquard Fabrics,false,Patra Group : Opuzen,2
427,Jaipuria Silk Mills,Jaipuria Silk Mills,Jaipuria Silk Mills,false,Patra Group : Opuzen,2
426,JB Martin,JB Martin,JB Martin,false,Patra Group : Opuzen,2
122,Jeff Goliger,,Jeff Goliger,false,Patra Group : Opuzen,2
557,Kaslen Textiles,Kaslen Textiles,Kaslen Textiles,false,Patra Group : Opuzen,2
123,Ken Kaneko,,Ken Kaneko,false,Patra Group : Opuzen,2
428,KenSu Precious,KenSu Precious,KenSu Precious,false,Patra Group : Opuzen,2
321,King Textiles,King Textiles,King Textiles,false,Patra Group : Opuzen,2
429,King Textiles - Drawer # 1723,King Textiles - Drawer # 1723,King Textiles - Drawer # 1723,false,Patra Group : Opuzen,2
430,Klabin Redevelopment Assoc LLC,Klabin Redevelopment Assoc LLC dba Airport Business Center,Klabin Redevelopment Assoc LLC dba Airport Business Center,false,Patra Group : Opuzen,2
431,Komar Apparel Supply Co. LLC,Komar Apparel Supply Co. LLC,Komar Apparel Supply Co. LLC,false,Patra Group : Opuzen,2
432,"Koni Hospitality, Inc","Koni Hospitality, Inc","Koni Hospitality, Inc",false,Patra Group : Opuzen,2
433,Koroseal (RJF International Corp),Koroseal (RJF International Corp),Koroseal (RJF International Corp),false,Patra Group : Opuzen,2
4091,Koroseal Interior Products,Koroseal Interior Products,Koroseal Interior Products,false,Patra Group : Opuzen,2
4300,L'Interno,L'Interno,L'Interno,false,Patra Group : Opuzen,2
434,L.A. Courier (Slingshot),L.A. Courier (Slingshot),L.A. Courier (Slingshot),false,Patra Group : Opuzen,2
558,LA DWP - 5786 Venice Blvd,LA DWP - 5786 Venice Blvd,LA DWP - 5786 Venice Blvd,false,Patra Group : Opuzen,2
559,LA DWP - 5788 Venice Blvd,LA DWP - 5788 Venice Blvd,LA DWP - 5788 Venice Blvd,false,Patra Group : Opuzen,2
435,La Paloma Mini Market,La Paloma Mini Market,La Paloma Mini Market,false,Patra Group : Opuzen,2
3821,Lampe Textiles,Lampe Textiles,Lampe Textiles,false,Patra Group : Opuzen,2
436,LAOAX Printing & Delivery Svc,LAOAX Printing & Delivery Svc,LAOAX Printing & Delivery Svc,false,Patra Group : Opuzen,2
437,Laura & Kiran,Laura & Kiran,Laura & Kiran,false,Patra Group : Opuzen,2
4086,Laura Romanoff,Laura Romanoff,Laura Romanoff,false,Patra Group : Opuzen,2
438,Leslie Jee Textiles,Leslie Jee Textiles,Leslie Jee Textiles,false,Patra Group : Opuzen,2
439,Liba Fabrics,Liba Fabrics,Liba Fabrics,false,Patra Group : Opuzen,2
4322,Libas,Libas,Libas,false,Patra Group : Opuzen,2
3844,Libas Limited,Libas Limited,Libas Limited,false,Patra Group : Opuzen,2
3846,Libeco Lagae,Libeco Lagae,Libeco Lagae,false,Patra Group : Opuzen,2
561,Limonta,Limonta,Limonta,false,Patra Group : Opuzen,2
4323,Lindsay & Hall,Lindsay & Hall,Lindsay & Hall,false,Patra Group : Opuzen,2
562,Lindsey & Hall,Lindsey & Hall,Lindsey & Hall,false,Patra Group : Opuzen,2
440,Link 7 GMBH,Link 7 GMBH,Link 7 GMBH,false,Patra Group : Opuzen,2
4298,Lino Textil,Lino Textil,Lino Textil,false,Patra Group : Opuzen,2
441,Lisa Slayman Design,Lisa Slayman Design,Lisa Slayman Design,false,Patra Group : Opuzen,2
442,Los Angeles County Tax Collector,Los Angeles County Tax Collector,Los Angeles County Tax Collector,false,Patra Group : Opuzen,2
560,Los Angeles Mills,Los Angeles Mills,Los Angeles Mills,false,Patra Group : Opuzen,2
443,Los Angeles Times,Los Angeles Times,Los Angeles Times,false,Patra Group : Opuzen,2
563,Luilor Spa,Luilor Spa,Luilor Spa,false,Patra Group : Opuzen,2
124,Lynette Mason,,Lynette Mason,false,Patra Group : Opuzen,2
444,"Maersk Customs Services USA, Inc","Maersk Customs Services USA, Inc","Maersk Customs Services USA, Inc",false,Patra Group : Opuzen,2
445,Mailchimp,Mailchimp,Mailchimp,false,Patra Group : Opuzen,2
125,Manuel Guttierez Garcia,,Manuel Guttierez Garcia,false,Patra Group : Opuzen,2
564,"Marathon HVAC Service , Inc.","Marathon HVAC Service , Inc.","Marathon HVAC Service , Inc.",false,Patra Group : Opuzen,2
3843,Marcovaldo,Marcovaldo,Marcovaldo,false,Patra Group : Opuzen,2
565,Marteks,Marteks,Marteks,false,Patra Group : Opuzen,2
126,Mary A. Bourke,,Mary A. Bourke,false,Patra Group : Opuzen,2
446,Mary Rose - MR Design Lab,Mary Rose - MR Design Lab,Mary Rose - MR Design Lab,false,Patra Group : Opuzen,2
447,Master Fabrics,Master Fabrics,Master Fabrics,false,Patra Group : Opuzen,2
448,"Master Pak, Inc","Master Pak, Inc","Master Pak, Inc",false,Patra Group : Opuzen,2
4324,Mayer Fabrics,Mayer Fabrics,Mayer Fabrics,false,Patra Group : Opuzen,2
449,Media Temple Inc,Media Temple Inc,Media Temple Inc,false,Patra Group : Opuzen,2
450,Medicare Premium Collection Center,Medicare Premium Collection Center,Medicare Premium Collection Center,false,Patra Group : Opuzen,2
451,Mendelson Consulting,Mendelson Consulting,Mendelson Consulting,false,Patra Group : Opuzen,2
452,Mercedes-Benz Financial Services,Mercedes-Benz Financial Services,Mercedes-Benz Financial Services,false,Patra Group : Opuzen,2
566,Merchant's Electric Inc,Merchant's Electric Inc,Merchant's Electric Inc,false,Patra Group : Opuzen,2
567,Milliken & Co.,Milliken & Co.,Milliken & Co.,false,Patra Group : Opuzen,2
4087,Mindclick Group Inc,Mindclick Group Inc,Mindclick Group Inc,false,Patra Group : Opuzen,2
453,Misc Vendor,Misc Vendor,Misc Vendor,false,Patra Group : Opuzen,2
4325,Mitchell,Mitchell,Mitchell,false,Patra Group : Opuzen,2
454,Mitchell Fabrics,Mitchell Fabrics,Mitchell Fabrics,false,Patra Group : Opuzen,2
3840,Molteni,Molteni,Molteni,false,Patra Group : Opuzen,2
455,Morgan / MJD,Morgan / MJD,Morgan / MJD,false,Patra Group : Opuzen,2
4302,Moygashel,Moygashel,Moygashel,false,Patra Group : Opuzen,2
456,MTL Global Ventures,MTL Global Ventures,MTL Global Ventures,false,Patra Group : Opuzen,2
4326,Muller Zell GmbH,Muller Zell GmbH,Muller Zell GmbH,false,Patra Group : Opuzen,2
568,Nardes,Nardes,Nardes,false,Patra Group : Opuzen,2
569,Nassimi LLC,Nassimi Textiles,Nassimi Textiles,false,Patra Group : Opuzen,2
3828,Nassimi Textiles,Nassimi Textiles,Nassimi Textiles,false,Patra Group : Opuzen,2
4090,Natalie Mize Collective,Natalie Mize Collective,Natalie Mize Collective,false,Patra Group : Opuzen,2
458,"National Business Furniture, LLC","National Business Furniture, LLC","National Business Furniture, LLC",false,Patra Group : Opuzen,2
4327,Nelen & Delbeke,Nelen & Delbeke,Nelen & Delbeke,false,Patra Group : Opuzen,2
459,Nespresso,Nespresso,Nespresso,false,Patra Group : Opuzen,2
460,Net Suite - Oracle,Net Suite - Oracle,Net Suite - Oracle,false,Patra Group : Opuzen,2
461,Nextiva,Nextiva,Nextiva,false,Patra Group : Opuzen,2
462,Nicklin LLP,Nicklin LLP,Nicklin LLP,false,Patra Group : Opuzen,2
463,Noobeh LLC,Noobeh LLC,Noobeh LLC,false,Patra Group : Opuzen,2
571,O. J. Van Maele,O. J. Van Maele,O. J. Van Maele,false,Patra Group : Opuzen,2
464,Office Depot,Office Depot,Office Depot,false,Patra Group : Opuzen,2
4339,Opuzen,Opuzen,Opuzen,false,Patra Group : Opuzen,2
4341,Orange County Industrial Sewing Machine CO Inc,Orange County Industrial Sewing Machine CO Inc,Orange County Industrial Sewing Machine CO Inc,false,Patra Group : Opuzen,2
572,Outdura,Outdura,Outdura,false,Patra Group : Opuzen,2
465,P. Kaufmann,P. Kaufmann,P. Kaufmann,false,Patra Group : Opuzen,2
573,P/K Lifestyles,P/K Lifestyles,P/K Lifestyles,false,Patra Group : Opuzen,2
4328,Palette,Palette,Palette,false,Patra Group : Opuzen,2
466,Pandora Radio,Pandora Radio,Pandora Radio,false,Patra Group : Opuzen,2
467,Para,Para,Para,false,Patra Group : Opuzen,2
468,Parking,Parking,Parking,false,Patra Group : Opuzen,2
469,Paul + Contract Commission,Paul + Contract Commission,Paul + Contract Commission,false,Patra Group : Opuzen,2
470,PBG,PBG,PBG,false,Patra Group : Opuzen,2
471,Peace Action West,Peace Action West,Peace Action West,false,Patra Group : Opuzen,2
472,Peleton,Peleton,Peleton,false,Patra Group : Opuzen,2
473,"Pershing FBO Patra, Inc Cash Balance Plan","Pershing FBO Patra, Inc Cash Balance Plan","Pershing FBO Patra, Inc Cash Balance Plan",false,Patra Group : Opuzen,2
474,Pershing Retail Deposits,Pershing Retail Deposits,Pershing Retail Deposits,false,Patra Group : Opuzen,2
475,Pillows Upholstery and More,Pillows Upholstery and More,Pillows Upholstery and More,false,Patra Group : Opuzen,2
476,Pitney Bowes - Postage Main Office,Pitney Bowes - Postage Main Office,Pitney Bowes - Postage Main Office,false,Patra Group : Opuzen,2
477,Pitney Bowes - Postage Warehouse,Pitney Bowes - Postage Warehouse,Pitney Bowes - Postage Warehouse,false,Patra Group : Opuzen,2
478,Pittney Bowes - Lease - Main Office,Pittney Bowes - Lease - Main Office,Pittney Bowes - Lease - Main Office,false,Patra Group : Opuzen,2
479,Pittney Bowes - Lease - Warehouse,Pittney Bowes - Lease - Warehouse,Pittney Bowes - Lease - Warehouse,false,Patra Group : Opuzen,2
574,Pointe International,Pointe International,Pointe International,false,Patra Group : Opuzen,2
4329,Pongs,Pongs,Pongs,false,Patra Group : Opuzen,2
480,Pozzi Arturo,Pozzi Arturo,Pozzi Arturo,false,Patra Group : Opuzen,2
481,"Priority1, Inc","Priority1, Inc","Priority1, Inc",false,Patra Group : Opuzen,2
3833,Prosetex,Prosetex,Prosetex,false,Patra Group : Opuzen,2
482,Quill Corporation,Quill Corporation,Quill Corporation,false,Patra Group : Opuzen,2
483,Radiate Textiles,Radiate Textiles,Radiate Textiles,false,Patra Group : Opuzen,2
484,Ramco,Ramco,Ramco,false,Patra Group : Opuzen,2
575,Ramtex Inc.,Ramtex Inc.,Ramtex Inc.,false,Patra Group : Opuzen,2
485,Redline Telecom,Redline Telecom,Redline Telecom,false,Patra Group : Opuzen,2
576,Regal,Regal,Regal,false,Patra Group : Opuzen,2
486,Republic Services,Republic Services,Republic Services,false,Patra Group : Opuzen,2
487,Restaurant,Restaurant,Restaurant,false,Patra Group : Opuzen,2
3837,Romain Maes,Romain Maes,Romain Maes,false,Patra Group : Opuzen,2
577,Rossini della Quercia,Rossini della Quercia,Rossini della Quercia,false,Patra Group : Opuzen,2
578,Rothbock,Rothbock,Rothbock,false,Patra Group : Opuzen,2
488,RXD Systems,RXD Systems,RXD Systems,false,Patra Group : Opuzen,2
489,"S. Harris & Co, Inc","S. Harris & Co, Inc","S. Harris & Co, Inc",false,Patra Group : Opuzen,2
490,Saana Baker Design,Saana Baker Design,Saana Baker Design,false,Patra Group : Opuzen,2
491,"Salesforce.com, inc","Salesforce.com, inc","Salesforce.com, inc",false,Patra Group : Opuzen,2
127,Sally Daliege,,Sally Daliege,false,Patra Group : Opuzen,2
492,SAM Renewal Support,SAM Renewal Support,SAM Renewal Support,false,Patra Group : Opuzen,2
493,Schneiders Textiles,Schneiders Textiles,Schneiders Textiles,false,Patra Group : Opuzen,2
494,Secretary of State,Secretary of State,Secretary of State,false,Patra Group : Opuzen,2
495,SendGrid Twillia e-mail servince,SendGrid Twillia e-mail servince,SendGrid Twillia e-mail servince,false,Patra Group : Opuzen,2
496,"Sewer Inspections & Repairs, INC","Sewer Inspections & Repairs, INC","Sewer Inspections & Repairs, INC",false,Patra Group : Opuzen,2
579,Silk Crafts,Silk Crafts,Silk Crafts,false,Patra Group : Opuzen,2
3841,Sirio Tendaggi,Sirio Tendaggi,Sirio Tendaggi,false,Patra Group : Opuzen,2
3847,Softline Home Fashion,Softline Home Fashion,Softline Home Fashion,false,Patra Group : Opuzen,2
497,Spectrum - DSL- Opuzen,Spectrum - DSL- Opuzen,Spectrum - DSL- Opuzen,false,Patra Group : Opuzen,2
580,Spiral Paper Tube & Core Co. Inc,Spiral Paper Tube & Core Co. Inc,Spiral Paper Tube & Core Co. Inc,false,Patra Group : Opuzen,2
4331,Spradling,Spradling,Spradling,false,Patra Group : Opuzen,2
498,Staples,Staples,Staples,false,Patra Group : Opuzen,2
128,Starr Moore,,Starr Moore,false,Patra Group : Opuzen,2
499,State Board of Equalization,State Board of Equalization,State Board of Equalization,false,Patra Group : Opuzen,2
500,State Farm - Auto Insurance,State Farm - Auto Insurance,State Farm - Auto Insurance,false,Patra Group : Opuzen,2
501,State Farm - Life,State Farm - Life,State Farm - Life,false,Patra Group : Opuzen,2
3831,Stotz,Stotz,Stotz,false,Patra Group : Opuzen,2
4332,Stratum,Stratum,Stratum,false,Patra Group : Opuzen,2
3823,Sunbury Textile Mills,Sunbury Textile Mills,Sunbury Textile Mills,false,Patra Group : Opuzen,2
502,Swavelle -Mill Creek,Swavelle -Mill Creek,Swavelle -Mill Creek,false,Patra Group : Opuzen,2
3825,Swisstulle,Swisstulle,Swisstulle,false,Patra Group : Opuzen,2
503,T-Mobile,T-Mobile,T-Mobile,false,Patra Group : Opuzen,2
504,TaBru,TaBru,TaBru,false,Patra Group : Opuzen,2
581,Tavelmo,Tavelmo,Tavelmo,false,Patra Group : Opuzen,2
2,Tax Agency CA,,Tax Agency CA,false,Patra Group,1
505,Taxi Service,Taxi Service,Taxi Service,false,Patra Group : Opuzen,2
506,TeamViewer GmbH,TeamViewer GmbH,TeamViewer GmbH,false,Patra Group : Opuzen,2
582,"TEK Systems - Allegis Group Holding, Inc","TEK Systems - Allegis Group Holding, Inc","TEK Systems - Allegis Group Holding, Inc",false,Patra Group : Opuzen,2
507,Teksko Kadife,Teksko Kadife,Teksko Kadife,false,Patra Group : Opuzen,2
583,Tempo Fabrics,Tempo Fabrics,Tempo Fabrics,false,Patra Group : Opuzen,2
584,Tendaggi Paradiso,Tendaggi Paradiso,Tendaggi Paradiso,false,Patra Group : Opuzen,2
508,Tessitura di Borgomanero,Tessitura di Borgomanero,Tessitura di Borgomanero,false,Patra Group : Opuzen,2
509,Texao,Texao,Texao,false,Patra Group : Opuzen,2
510,The Gas Co. - 5786 Venice Blvd,The Gas Co. - 5786 Venice Blvd,The Gas Co. - 5786 Venice Blvd,false,Patra Group : Opuzen,2
511,The Home Depot,The Home Depot,The Home Depot,false,Patra Group : Opuzen,2
512,"The SRA Group, Inc","The SRA Group, Inc","The SRA Group, Inc",false,Patra Group : Opuzen,2
513,Thomas Lavin Showroom. Inc,Thomas Lavin Showroom. Inc,Thomas Lavin Showroom. Inc,false,Patra Group : Opuzen,2
514,Thomas Patrick Consulting,Thomas Patrick Consulting,Thomas Patrick Consulting,false,Patra Group : Opuzen,2
515,Threadology,Threadology,Threadology,false,Patra Group : Opuzen,2
4335,Tissage de Kalken,Tissage de Kalken,Tissage de Kalken,false,Patra Group : Opuzen,2
516,Towerstream,Towerstream,Towerstream,false,Patra Group : Opuzen,2
519,TRG Bond - US Customs Bond,TRG Bond - US Customs Bond,TRG Bond - US Customs Bond,false,Patra Group : Opuzen,2
520,Trivantage,Trivantage,Trivantage,false,Patra Group : Opuzen,2
521,True North Dev LLC,True North Dev LLC,True North Dev LLC,false,Patra Group : Opuzen,2
522,ULINE,ULINE,ULINE,false,Patra Group : Opuzen,2
523,Ulster Weavers Inc.,Ulster Weavers Inc.,Ulster Weavers Inc.,false,Patra Group : Opuzen,2
524,Unishippers,Unishippers,Unishippers,false,Patra Group : Opuzen,2
3820,Universal Textile Mills,Universal Textile Mills,Universal Textile Mills,false,Patra Group : Opuzen,2
585,UPS Freight,UPS Freight,UPS Freight,false,Patra Group : Opuzen,2
525,Usalanyards,Usalanyards,Usalanyards,false,Patra Group : Opuzen,2
526,USPS.com,USPS.com,USPS.com,false,Patra Group : Opuzen,2
527,UTM,UTM,UTM,false,Patra Group : Opuzen,2
3845,UTP America,UTP America,UTP America,false,Patra Group : Opuzen,2
528,Valdese Weavers,Valdese Weavers,Valdese Weavers,false,Patra Group : Opuzen,2
586,Vanelli,Vanelli,Vanelli,false,Patra Group : Opuzen,2
529,VB Designs Inc,VB Designs Inc,VB Designs Inc,false,Patra Group : Opuzen,2
4336,Velvetex,Velvetex,Velvetex,false,Patra Group : Opuzen,2
587,Velvetex Srl,Velvetex Srl,Velvetex Srl,false,Patra Group : Opuzen,2
530,"Venice Spaulding, LLC","Venice Spaulding, LLC","Venice Spaulding, LLC",false,Patra Group : Opuzen,2
3832,Verbatex,Verbatex,Verbatex,false,Patra Group : Opuzen,2
4337,Vescom Textiles B.V,Vescom Textiles B.V,Vescom Textiles B.V,false,Patra Group : Opuzen,2
588,Vigano Tessuti E Velluti,Vigano Tessuti E Velluti,Vigano Tessuti E Velluti,false,Patra Group : Opuzen,2
589,Vision Fabrics,Vision Fabrics,Vision Fabrics,false,Patra Group : Opuzen,2
531,WBEC,WBEC,WBEC,false,Patra Group : Opuzen,2
532,Wearbest,Wearbest,Wearbest,false,Patra Group : Opuzen,2
4338,Weave Textiles,Weave Textiles,Weave Textiles,false,Patra Group : Opuzen,2
3835,Weavers Mill,Weavers Mill,Weavers Mill,false,Patra Group : Opuzen,2
533,Wells & Associates,Wells & Associates,Wells & Associates,false,Patra Group : Opuzen,2
129,Wendy Van Gemeren,,Wendy Van Gemeren,false,Patra Group : Opuzen,2
534,Westwood Weavers,Westwood Weavers,Westwood Weavers,false,Patra Group : Opuzen,2
4340,World of Linen,World of Linen,World of Linen,false,Patra Group : Opuzen,2
